,top_1,top_3,top_5,top_10
chunk_200,0.6454545454545455,0.7818181818181819,0.8090909090909091,0.8454545454545455
chunk_300,0.6272727272727273,0.7,0.7636363636363637,0.8363636363636363
chunk_400,0.6818181818181818,0.7090909090909091,0.7727272727272727,0.8272727272727273
chunk_500,0.6454545454545455,0.6727272727272727,0.7454545454545455,0.7909090909090909
